{
    "zSep": 40.92372754046869,
    "zMin": 30.056177946255698,
    "zMax": 51.80503423925619,
    "pwr": 0.3101807555701412,
    "pL": [
        -0.000566518884133476,
        0.028754028093085995,
        0.15054164388788713,
        -0.519077766652335
    ],
    "pR": [
        -0.0004578064830216528,
        0.02860638366098689,
        0.14638268122121814,
        -0.5166748466026276
    ],
    "aL": [
        -0.1592600484921083,
        0.789422592854704
    ],
    "aR": [
        -0.15955085406920763,
        0.780330130174715
    ],
    "bL": [
        0.4859359134991336,
        -0.4515954076674737,
        2.2644202593914495,
        1.0
    ],
    "bR": [
        0.44752049196619903,
        -0.37310807460693857,
        2.19765126307094,
        1.0
    ]
}
