{
    "zSep": 38.74758013381913,
    "zMin": 31.815080918403076,
    "zMax": 48.48004672986868,
    "pwr": 0.31398507974734435,
    "pL": [
        -0.0021208595870168033,
        0.05949852871348058,
        -0.174087086565691,
        -0.5072468596181025
    ],
    "pR": [
        -0.006361471090044525,
        0.09084816913166874,
        -0.3777568117372751,
        -0.2536008184788979
    ],
    "aL": [
        -0.2632508989211965,
        0.9571020737005627
    ],
    "aR": [
        -0.48983044877686105,
        0.7248440682694994
    ],
    "bL": [
        1.2035053178474493,
        -0.5808514776420632,
        3.0129938869852873,
        1.0
    ],
    "bR": [
        3.838850485956274,
        -2.076947326304885,
        4.185309155054132,
        1.0
    ]
}
