{
    "zSep": 38.55302437476555,
    "zMin": 29.213182255013322,
    "zMax": 47.978140718671284,
    "pwr": 0.28796740575434676,
    "pL": [
        -0.00024683786275242047,
        0.016174566354858824,
        0.40179772568004946,
        -0.24612651488351725
    ],
    "pR": [
        -0.00020712463321688308,
        0.017130843276711716,
        0.3930080703420676,
        -0.23471384266765036
    ],
    "aL": [
        -0.05405742075580959,
        0.23385470631540967
    ],
    "aR": [
        -0.05351127783496397,
        0.22489891059122896
    ],
    "bL": [
        0.5609397451213353,
        -0.3491184293228338,
        2.419972619058592,
        1.0
    ],
    "bR": [
        0.6456076059873844,
        -0.34840383986411055,
        2.6035438510917692,
        1.0
    ]
}
