{
    "zSep": 40.144285798089854,
    "zMin": 33.14389286490279,
    "zMax": 47.31240240366112,
    "pwr": 0.23417068531290683,
    "pL": [
        0.0015058246155596512,
        -0.028886370151621567,
        0.9849544542875018,
        0.16676412558033224
    ],
    "pR": [
        0.0011990019758101574,
        -0.02566286283069271,
        0.9563458612088118,
        0.19788454954565385
    ],
    "aL": [
        0.18055030232165564,
        -0.6442098168990136
    ],
    "aR": [
        0.18551414836894617,
        -0.6597355275406279
    ],
    "bL": [
        1.4069870265809354,
        -0.763356536977722,
        3.036837892620764,
        1.0
    ],
    "bR": [
        0.9999677944815507,
        -0.4074939141238816,
        2.6605301213036547,
        1.0
    ]
}
